Key;vi
M001_E002_P1_L6;"{thuytinh_ev004_1}"
M001_E003_P1_L1;"<WordWrap>OH CRAP!<br>YOU'RE ADVENTURERS!"
M001_E020_P1_L2;"zzZZZZZZZZZZZ"
M001_E020_P2_L1;"Huh????<br>..............<br>.............."
M001_E020_P3_L1;"zzZZZZZZZZZZZMình đan ở đâu đây?"
M002_E001_P1_L2;"tesxtds"
M002_E001_P1_L24;"Fuck"
M002_E001_P2_L1;"Completed?"
M002_E009_P1_L2;"tesxtdsPls help"
M002_E009_P1_L26;"Fuck"
M002_E009_P2_L1;"Found him?"
M002_E010_P2_L1;"Hello. I'm LongLong... I...M....LOST...<br>Please HEL..P M...EEEEEE"
M002_E011_P1_L4;"Help me to find 500G?"
M002_E011_P1_L18;"Fuck"
M002_E011_P2_L7;"còn nghèo lắm ku \V[1]"
M002_E014_P1_L4;"Hello everybody <br> my name is KB"
M003_E001_P1_L29;"{Map003_EV001_Sontinh_1}"
M003_E001_P1_L31;"{Map003_EV001_MyNuong_1}"
M003_E001_P1_L33;"{Map003_EV001_thuytinh_1}"
M003_E001_P1_L40;"{Map003_EV001_sontinh_2}"
M003_E001_P1_L64;"{Map003_EV001_thuytinh_2}"
M003_E001_P1_L66;"{Map003_EV001_thuytinh_3}"
M003_E001_P1_L68;"{Map003_EV001_MyNuong_2}"
M003_E001_P1_L86;"{Map003_EV001_sontinh_3}"
M003_E001_P1_L88;"OK..."
M003_E002_P2_L21;"{Map003_EV002_sontinh1}"
M003_E002_P2_L23;"{Map003_EV002_mynuong_1}"
M003_E007_P1_L10;"<Map003_EV007_stair>"
M003_E008_P1_L9;"{Map003_EV008_sontinh_4}"
M003_E008_P1_L16;"{Map003_EV008_sontinh_1}"
M003_E008_P1_L23;"{Map003_EV008_sontinh_2}"
M003_E008_P1_L30;"{Map003_EV008_sontinh_3}"
M003_E008_P1_L62;"........."
M003_E008_P2_L3;"..."
M003_E008_P2_L15;"{Map003_EV008_2_sontinh_1}"
M003_E008_P2_L18;"{Map003_EV008_2_sontinh_2}"
M003_E008_P2_L21;"{Map003_EV008_2_sontinh_3}"
M003_E008_P2_L24;"{Map003_EV008_2_sontinh_4}"
M003_E008_P2_L27;"{Map003_EV008_2_sontinh_5}"
M004_E014_P1_L1;"Hey..."
M004_E014_P1_L35;"{michau_Michau1_1}"
M004_E014_P1_L41;"{michau_Michau1_2}"
M004_E014_P1_L44;"{sontinh_Text1}"
M004_E014_P1_L51;"{thuytinh_Text1}"
M004_E014_P1_L55;"{michau_Michau1_3}"
M005_E001_P1_L6;"<wordwrap>Okay, phần bài luận đã xong một nửa rồi... mình phải tìm thêm tài liệu để hoàn thành cho sớm thôi."
M005_E006_P1_L9;"{E006_Door_1}"
M005_E009_P2_L1;"Xem nào..."
M005_E009_P2_L15;"????????"
M005_E009_P2_L17;"{EV009_Sontinh_1}"
M005_E009_P2_L22;"{EV009_Sontinh_2}"
M005_E009_P2_L25;"Còn đây là vật gì nhĩ?"
M005_E009_P2_L27;"Trong có vẻ giống như 1 miếng ngọc bội thất truyền, mình tạm giữ lại tcó gì nghiên cứu sao vậy."
M005_E009_P2_L31;"{EV009_Sontinh_3}"
M005_E009_P2_L38;"<center>\FS[50]{EV009_intro}"
M005_E010_P1_L2;"{EV010_Sontinh_1}"
M005_E011_P1_L2;"Giờ vẫn còn sớm, mình nên tranh thủ xem thêm tài liệu để hoàn thành bài luận này sớm."
M005_E012_P1_L2;"{EV010_Sontinh_1}"
M017_E010_P1_L1;"Heh heh heh...<br>I'm the guide of this Dark Forest."
M017_E010_P1_L3;"If you wish to leave this forest,<br>gather the three signs scattered<br>throughout the woods."
M017_E010_P1_L5;"If you gather the three signs, the<br>sealed door will open. <br>Heh heh heh..."
M017_E010_P2_L1;"\N<Forest Guide>If you wish to leave this forest,<br>gather the three signs scattered<br>throughout the woods. "
M017_E010_P2_L3;"\N<Forest Guide>If you gather the three signs, the<br>sealed door will open. <br>Heh heh heh..."
M022_E006_P1_L9;"{msg_quest}"
M022_E007_P1_L9;"{msg_welcome}"
C070_L23;"Press [OK] repeatedly to attack! You have 5 seconds!"
ITEM_001_Name;"-----Reserved"
ITEM_001_Desc;"Below are spaces for when you would like to display
items above the recovery items."
ITEM_006_Name;"-----Recovery Items"
ITEM_007_Name;"Potion"
ITEM_007_Desc;"Restores HP by 500 points."
ITEM_008_Name;"Super Potion"
ITEM_008_Desc;"Restores HP by 1500 points."
ITEM_009_Name;"Full Potion"
ITEM_009_Desc;"Completely restores HP."
ITEM_010_Name;"Magic Water"
ITEM_010_Desc;"Restores MP by 300 points."
ITEM_011_Name;"Stimulant"
ITEM_011_Desc;"Raises the subject from the dead. (Restores HP by half.)"
ITEM_012_Name;"Dispel Herb"
ITEM_012_Desc;"Removes all status ailments.
Cannot revive a someone from being dead."
ITEM_013_Name;"Antidote"
ITEM_013_Desc;"Cures Poison or Paralysis states."
ITEM_014_Name;"Miracle Drop"
ITEM_014_Desc;"Restores HP and MP by half."
ITEM_015_Name;"Elixir"
ITEM_015_Desc;"Completely restores HP and MP."
ITEM_017_Name;"-----Specialty Items"
ITEM_018_Name;"Encounter Decreaser"
ITEM_018_Desc;"Halves the number of enemies you will encounter
for a while."
ITEM_019_Name;"Drop Increaser"
ITEM_019_Desc;"Increases items and money gained from battle for
a while."
ITEM_022_Name;"-----Enhancement Items"
ITEM_023_Name;"HP Increase"
ITEM_023_Desc;"Increases max HP by 50 points."
ITEM_024_Name;"MP Increase"
ITEM_024_Desc;"Increases max MP by 10 points."
ITEM_025_Name;"Attack Increase"
ITEM_025_Desc;"Increases Attack by 3 points."
ITEM_026_Name;"Defense Increase"
ITEM_026_Desc;"Increases Defense by 3 points."
ITEM_027_Name;"Magic Increase"
ITEM_027_Desc;"Increases M.Attack by 3 points."
ITEM_028_Name;"Resistance Increase"
ITEM_028_Desc;"Increases M.Defense by 3 points."
ITEM_029_Name;"Agility Increase"
ITEM_029_Desc;"Increases Agility by 3 points."
ITEM_030_Name;"Luck Increase"
ITEM_030_Desc;"Increases Luck by 3 points."
ITEM_032_Name;"-----Recoverfy Food--------"
ITEM_033_Name;"Apple"
ITEM_033_Desc;"Restores HP by 50 points."
WEAP_001_Name;"Short Sword"
WEAP_001_Desc;"[Sword] A light and easy-to-wield short-bladed sword."
WEAP_002_Name;"Long Sword"
WEAP_002_Desc;"[Sword] A long battle sword boasting a sharp cut."
WEAP_003_Name;"Falchion"
WEAP_003_Desc;"[Sword] A wide sword with a curved blade."
WEAP_004_Name;"Mithril Sword"
WEAP_004_Desc;"[Sword] A long sword forged with mithril."
WEAP_005_Name;"Dragon Blade"
WEAP_005_Desc;"[Sword] A sword forged from the fangs of a dragon."
WEAP_007_Name;"Wooden Staff"
WEAP_007_Desc;"[Staff] An inexpensive and widely-used staff."
WEAP_008_Name;"Magic Wand"
WEAP_008_Desc;"[Staff] A wand that slightly increases its wielder’s
magical powers."
WEAP_009_Name;"Force Wand"
WEAP_009_Desc;"[Staff] A silver wand that increases its wielder’s
magical powers."
WEAP_010_Name;"Mithril Rod"
WEAP_010_Desc;"[Staff] A mithril rod that increases its wielder’s
magical powers."
WEAP_011_Name;"Dragon Staff"
WEAP_011_Desc;"[Staff] A dragon staff that increases its wielder’s
magical powers."
WEAP_013_Name;"Stone Flail"
WEAP_013_Desc;"[Flail] A flail with a stone head attached to its
handle with a chain."
WEAP_014_Name;"Bronze Flail"
WEAP_014_Desc;"[Flail] A flail with a bronze head attached to its
handle with a chain."
WEAP_015_Name;"Morning Star"
WEAP_015_Desc;"[Flail] A flail that has been strengthened with steel."
WEAP_016_Name;"Mithril Flail"
WEAP_016_Desc;"[Flail] A flail that has been strengthened with mithril."
WEAP_017_Name;"Dragon Flail"
WEAP_017_Desc;"[Flail] A flail that has been strengthened using fangs of a dragon."
WEAP_019_Name;"Hand Axe"
WEAP_019_Desc;"[Axe] A small axe used for logging trees."
WEAP_020_Name;"Battle Axe"
WEAP_020_Desc;"[Axe] A double-edged axe made for battle."
WEAP_021_Name;"Bardiche"
WEAP_021_Desc;"[Axe] A battle axe with a crescent-shaped blade."
WEAP_022_Name;"Mithril Axe"
WEAP_022_Desc;"[Axe] A battle axe forged with mithril."
WEAP_023_Name;"Dragon Axe"
WEAP_023_Desc;"[Axe] A battle axe forged from the fangs of a dragon."
WEAP_025_Name;"Short Spear"
WEAP_025_Desc;"[Spear] A short spear specialized for thrusting."
WEAP_026_Name;"Long Spear"
WEAP_026_Desc;"[Spear] A spear with the longest handle possible."
WEAP_027_Name;"Halberd"
WEAP_027_Desc;"[Spear] A spear with an axe-head at its tip."
WEAP_028_Name;"Mithril Spear"
WEAP_028_Desc;"[Spear] A spear forged with mithril."
WEAP_029_Name;"Dragon Spear"
WEAP_029_Desc;"[Spear] A spear forged from the fangs of a dragon."
WEAP_031_Name;"Cestus"
WEAP_031_Desc;"[Glove] A battle glove with spikes attached to its
knuckles."
WEAP_032_Name;"Bagh Naka"
WEAP_032_Desc;"[Claw] A combat weapon with 4 short claws attached."
WEAP_033_Name;"Iron Claw"
WEAP_033_Desc;"[Claw] A combat weapon with iron talons attached."
WEAP_034_Name;"Mithril Claw"
WEAP_034_Desc;"[Claw] A combat weapon with mithril talons attached."
WEAP_035_Name;"Dragon Claw"
WEAP_035_Desc;"[Claw] A combat weapon with dragon talons attached."
WEAP_037_Name;"Short Bow"
WEAP_037_Desc;"[Bow] A short bow made for hunting."
WEAP_038_Name;"Long Bow"
WEAP_038_Desc;"[Bow] A long bow for battle with superior power."
WEAP_039_Name;"Crossbow"
WEAP_039_Desc;"[Bow] A crossbow that shoots arrows with powerful
springs."
WEAP_040_Name;"Mithril Bow"
WEAP_040_Desc;"[Bow] A crossbow that shoots mithril arrows with
powerful springs."
WEAP_041_Name;"Dragon Bow"
WEAP_041_Desc;"[Bow] A long bow for battle made with dragon’s
whiskers."
WEAP_043_Name;"Knife"
WEAP_043_Desc;"[Dagger] A knife used for day-to-day tasks."
WEAP_044_Name;"Daggar"
WEAP_044_Desc;"[Dagger] A short blade used in close combat."
WEAP_045_Name;"Machete"
WEAP_045_Desc;"[Dagger] A dagger with a thicker, sturdier blade."
WEAP_046_Name;"Mithril Daggar"
WEAP_046_Desc;"[Dagger] A dagger forged with mithril."
WEAP_047_Name;"Dragon Daggar"
WEAP_047_Desc;"[Dagger] A dagger forged from the fangs of a dragon."
ARMR_001_Name;"-----Armors"
ARMR_002_Name;"Linen Clothing"
ARMR_002_Desc;"[General Equipment] Linen clothing with high
breathability."
ARMR_003_Name;"Leather Vest"
ARMR_003_Desc;"[General Equipment] A vest made of tanned hide."
ARMR_004_Name;"Adventurer’s Clothing"
ARMR_004_Desc;"[General Equipment] Durable clothing that can
withstand rough travels."
ARMR_005_Name;"Hard Leather"
ARMR_005_Desc;"[General Equipment] A vest made of leather
hardened with glue."
ARMR_006_Name;"Brigandine"
ARMR_006_Desc;"[General Equipment] Tanned hide clothing reinforced
with steel plates."
ARMR_008_Name;"Cloth Armor"
ARMR_008_Desc;"[Light Equipment] Armor made of tough cloth."
ARMR_009_Name;"Leather Armor"
ARMR_009_Desc;"[Light Equipment] Armor made of layered hide."
ARMR_010_Name;"Bronze Breastplate"
ARMR_010_Desc;"[Light Equipment] A breastplate made of bronze."
ARMR_011_Name;"Iron Breastplate"
ARMR_011_Desc;"[Light Equipment] A breastplate made of iron steel."
ARMR_012_Name;"Mithril Breastplate"
ARMR_012_Desc;"[Light Equipment] A breastplate made of mithril."
ARMR_013_Name;"Dragon Breastplate"
ARMR_013_Desc;"[Light Equipment] A breastplate made of dragon scales."
ARMR_015_Name;"Bronze Armor"
ARMR_015_Desc;"[Heavy Equipment] Armor made of bronze."
ARMR_016_Name;"Iron Armor"
ARMR_016_Desc;"[Heavy Equipment] Armor made of iron steel."
ARMR_017_Name;"Mithril Armor"
ARMR_017_Desc;"[Heavy Equipment] Armor made of mithril."
ARMR_018_Name;"Dragon Armor"
ARMR_018_Desc;"[Heavy Equipment] Armor made of dragon scales."
ARMR_020_Name;"Cotton Robe"
ARMR_020_Desc;"[Magic Equipment] A basic, widely prevalent robe."
ARMR_021_Name;"Silk Cloak"
ARMR_021_Desc;"[Magic Equipment] A high-quality cloak made of silk."
ARMR_022_Name;"Tactician’s Robe"
ARMR_022_Desc;"[Magic Equipment] A robe inscribed with runic letters."
ARMR_023_Name;"Sage’s Robe"
ARMR_023_Desc;"[Magic Equipment] A robe interwoven with magical
powers."
ARMR_024_Name;"Elemental Cloak"
ARMR_024_Desc;"[Magic Equipment] A cloak that houses the power of
spirits."
ARMR_026_Name;"-----Shields"
ARMR_027_Name;"Buckler"
ARMR_027_Desc;"[Small Shield] A small shield for deflecting attacks."
ARMR_028_Name;"Round Buckler"
ARMR_028_Desc;"[Small Shield] A round, wooden shield reinforced
with an iron frame."
ARMR_029_Name;"Spiked Buckler"
ARMR_029_Desc;"[Small Shield] A round shield with attack spikes
attached."
ARMR_030_Name;"Mithril Buckler"
ARMR_030_Desc;"[Small Shield] A small shield made of mithril."
ARMR_031_Name;"Dragon Buckler"
ARMR_031_Desc;"[Small Shield] A small shield made of dragon scales."
ARMR_033_Name;"Wooden Shield"
ARMR_033_Desc;"[Large Shield] A large, average wooden shield."
ARMR_034_Name;"Bronze Shield"
ARMR_034_Desc;"[Large Shield] A large shield made of bronze plates."
ARMR_035_Name;"Iron Shield"
ARMR_035_Desc;"[Large Shield] A large shield made of iron steel."
ARMR_036_Name;"Mithril Shield"
ARMR_036_Desc;"[Large Shield] A large shield made of mithril."
ARMR_037_Name;"Dragon Shield"
ARMR_037_Desc;"[Large Shield] A large shield made of dragon scales."
ARMR_039_Name;"Wooden Bangle"
ARMR_039_Desc;"[Magic Equipment] A bangle enchanted with protective
magic."
ARMR_040_Name;"Bronze Bangle"
ARMR_040_Desc;"[Magic Equipment] A bangle enchanted with protective
magic."
ARMR_041_Name;"Iron Bangle"
ARMR_041_Desc;"[Magic Equipment] A bangle enchanted with protective
magic."
ARMR_042_Name;"Mithril Bangle"
ARMR_042_Desc;"[Magic Equipment] A bangle enchanted with protective
magic."
ARMR_043_Name;"Dragon Bangle"
ARMR_043_Desc;"[Magic Equipment] A bangle enchanted with protective
magic."
ARMR_045_Name;"-----Helmets"
ARMR_046_Name;"Bandana"
ARMR_046_Desc;"[General Equipment] A cloth headband for protecting
the forehead."
ARMR_047_Name;"Leather Bandana"
ARMR_047_Desc;"[General Equipment] A leather headband for protecting
the forehead."
ARMR_048_Name;"Leather Hat"
ARMR_048_Desc;"[General Equipment] A hat made of leather."
ARMR_049_Name;"Turban"
ARMR_049_Desc;"[General Equipment] A thick cloth layered and wrapped
around the head for protection."
ARMR_050_Name;"Feathered Hat"
ARMR_050_Desc;"[General Equipment] A fancy hat with bird feathers
attached."
ARMR_052_Name;"Leather Cap"
ARMR_052_Desc;"[Light Equipment] A hat made of tanned hide."
ARMR_053_Name;"Wooden Cap"
ARMR_053_Desc;"[Light Equipment] A light helmet made of wood."
ARMR_054_Name;"Bronze Cap"
ARMR_054_Desc;"[Light Equipment] A light helmet reinforced with
bronze plates."
ARMR_055_Name;"Iron Cap"
ARMR_055_Desc;"[Light Equipment] A light helmet reinforced with
iron plates."
ARMR_056_Name;"Mithril Cap"
ARMR_056_Desc;"[Light Equipment] A light helmet reinforced with
mithril."
ARMR_057_Name;"Dragon Cap"
ARMR_057_Desc;"[Light Equipment] A light helmet reinforced with
dragon scales."
ARMR_059_Name;"Chainmail Coif"
ARMR_059_Desc;"[Heavy Equipment] A hood made with fine, woven chains."
ARMR_060_Name;"Bronze Helm"
ARMR_060_Desc;"[Heavy Equipment] A helmet made with thick bronze
plates."
ARMR_061_Name;"Iron Helm"
ARMR_061_Desc;"[Heavy Equipment] A helmet made with thick iron
plates."
ARMR_062_Name;"Mithril Helm"
ARMR_062_Desc;"[Heavy Equipment] A helmet made of mithril."
ARMR_063_Name;"Dragon Helm"
ARMR_063_Desc;"[Heavy Equipment] A helmet made with dragon scales."
ARMR_065_Name;"Pointed Hat"
ARMR_065_Desc;"[Magic Equipment] A triangular, tanned hide hat with
a wide brim."
ARMR_066_Name;"Circlet"
ARMR_066_Desc;"[Magic Equipment] A simple crown enchanted with
protective magic."
ARMR_067_Name;"Silver Circlet"
ARMR_067_Desc;"[Magic Equipment] A silver crown enchanted with
protective magic."
ARMR_068_Name;"Gold Circlet"
ARMR_068_Desc;"[Magic Equipment] A pure gold crown enchanted with
protective magic."
ARMR_069_Name;"Mithril Circlet"
ARMR_069_Desc;"[Magic Equipment] A mithril crown enchanted with
protective magic."
ARMR_070_Name;"Master Circlet"
ARMR_070_Desc;"[Magic Equipment] A sage’s crown enchanted with
protective magic."
ARMR_072_Name;"-----Accessories"
ARMR_073_Name;"Guard Stone"
ARMR_073_Desc;"[Accessory] A charm that increases Defense."
ARMR_074_Name;"Guard Ring"
ARMR_074_Desc;"[Accessory] A ring that increases Defense."
ARMR_075_Name;"Power Stone"
ARMR_075_Desc;"[Accessory] A charm that increases Attack."
ARMR_076_Name;"Power Ring"
ARMR_076_Desc;"[Accessory] A ring that increases Attack."
ARMR_077_Name;"Speed Stone"
ARMR_077_Desc;"[Accessory] A charm that increases Agility."
ARMR_078_Name;"Speed Ring"
ARMR_078_Desc;"[Accessory] A ring that increases Agility."
ARMR_079_Name;"Lucky Stone"
ARMR_079_Desc;"[Accessory] A charm that increases Luck."
ARMR_080_Name;"Lucky Ring"
ARMR_080_Desc;"[Accessory] A ring that increases Luck."
ARMR_081_Name;"Magical Stone"
ARMR_081_Desc;"[Accessory] A charm that increases M.Attack."
ARMR_082_Name;"Magical Ring"
ARMR_082_Desc;"[Accessory] A ring that increases M.Attack."
ARMR_083_Name;"Shooter Stone"
ARMR_083_Desc;"[Accessory] A charm that increases the Hit Rate of
attacks."
ARMR_084_Name;"Shooter Ring"
ARMR_084_Desc;"[Accessory] A ring that increases the Hit Rate of
attacks."
ARMR_085_Name;"Master Stone"
ARMR_085_Desc;"[Accessory] A charm that reduces MP Cost by 20%."
ARMR_086_Name;"Master Ring"
ARMR_086_Desc;"[Accessory] A ring that reduces MP Cost by 50%."
ARMR_088_Name;"Poison Guard"
ARMR_088_Desc;"[Accessory] A ring that helps prevent Poison and
Paralysis states."
ARMR_089_Name;"Super Poison Guard"
ARMR_089_Desc;"[Accessory] A ring that entirely prevents Poison
and Paralysis states."
ARMR_091_Name;"Mental Guard"
ARMR_091_Desc;"[Accessory] A ring that helps prevent Sleep,
Silence, Confusion, Charm, and Rage states."
ARMR_092_Name;"Super Mental Guard"
ARMR_092_Desc;"[Accessory] A ring that entirely prevents Sleep,
Silence, Confusion, Charm, and Rage states."
ARMR_094_Name;"Enemy Radar"
ARMR_094_Desc;"[Accessory] Raises the chance of performing a
preemptive attack."
ARMR_095_Name;"Warning Bell"
ARMR_095_Desc;"[Accessory] Prevents surprise attacks."
ARMR_096_Name;"Stocker"
ARMR_096_Desc;"[Accessory] Allows you to carryover TP over into the
next battle."
ARMR_097_Name;"Ring of Guts"
ARMR_097_Desc;"[Accessory] Increases TP Charge Rate."
ARMR_098_Name;"MP Keeper"
ARMR_098_Desc;"[Accessory] Decreases MP Cost Rate."
ARMR_099_Name;"Elemental Guard"
ARMR_099_Desc;"[Accessory] Damage inflicted by Fire, Water, Wind,
and Earth attacks is halved."
ARMR_100_Name;"Spectacles"
ARMR_100_Desc;"[Accessory] Sharpens eyesight and increases hit rate."
SKILL_001_Name;"Attack"
SKILL_001_Msg1;"%1 attacks!"
SKILL_002_Name;"Guard"
SKILL_002_Msg1;"%1 guards."
SKILL_003_Name;"-----Reserved"
SKILL_003_Desc;"Below are spaces for when you would like to display
things above skills when you open the menu."
SKILL_011_Name;"-----Enemy"
SKILL_012_Name;"Dual Attack"
SKILL_012_Desc;"Performs a series of attacks on an enemy."
SKILL_012_Msg1;"%1 attacks!"
SKILL_013_Name;"Double Attack"
SKILL_013_Desc;"Performs a double attack on a random enemy."
SKILL_013_Msg1;"%1 attacks!"
SKILL_014_Name;"Triple Attack"
SKILL_014_Desc;"Performs a triple attack on a random enemy."
SKILL_014_Msg1;"%1 attacks!"
SKILL_015_Name;"Escape"
SKILL_015_Desc;"The user flees from battle."
SKILL_015_Msg1;"%1 flees."
SKILL_016_Name;"Wait and See"
SKILL_016_Desc;"Waits to see what happens."
SKILL_016_Msg1;"%1 is waiting to see what happens."
SKILL_017_Name;"Blood Suck"
SKILL_017_Desc;"Absorbs HP from an enemy."
SKILL_017_Msg1;"%1 sucks blood!"
SKILL_018_Name;"Meditate"
SKILL_018_Desc;"Restores the user’s HP."
SKILL_018_Msg1;"%1 meditates!"
SKILL_019_Name;"Tranquilizer"
SKILL_019_Desc;"Stabs an enemy with paralyzing needles."
SKILL_019_Msg1;"%1 does %2!"
SKILL_020_Name;"Bodyslam"
SKILL_020_Desc;"Inflicts damage and causes an enemy to lose balance."
SKILL_020_Msg1;"%1 does bodyslam!"
SKILL_021_Name;"Shock"
SKILL_021_Desc;"Inflicts Thunder-type damage and Paralysis state."
SKILL_021_Msg1;"%1 does %2!"
SKILL_022_Name;"Slime"
SKILL_022_Desc;"Covers an enemy in slime and lowers their Agility."
SKILL_022_Msg1;"%1 shoots out slime!"
SKILL_023_Name;"Venom"
SKILL_023_Desc;"Sprays an enemy with venom and inflicts Poison state."
SKILL_023_Msg1;"%1 uses %2!"
SKILL_024_Name;"Shout"
SKILL_024_Desc;"Rouses the user’s fighting spirit and fortifies
their abilities."
SKILL_024_Msg1;"%1 rouses their fighting spirit!"
SKILL_025_Name;"Bizarre Dance"
SKILL_025_Desc;"Absorbs MP from an enemy."
SKILL_025_Msg1;"%1 dances bizarrely!"
SKILL_026_Name;"Petrify"
SKILL_026_Desc;"Glares at an enemy and paralyzes them."
SKILL_026_Msg1;"%1 does %2!"
SKILL_027_Name;"Eye Poke"
SKILL_027_Desc;"Blinds an enemy."
SKILL_027_Msg1;"%1 does %2!"
SKILL_028_Name;"Sandstorm"
SKILL_028_Desc;"Blinds all enemies."
SKILL_028_Msg1;"%1 does %2!"
SKILL_029_Name;"Flash"
SKILL_029_Desc;"Blinds all enemies."
SKILL_029_Msg1;"%1 does %2!"
SKILL_030_Name;"Toxic Fog"
SKILL_030_Desc;"Poisons all enemies."
SKILL_030_Msg1;"%1 does %2!"
SKILL_031_Name;"Lullaby"
SKILL_031_Desc;"Puts all enemies to sleep."
SKILL_031_Msg1;"%1 sings a Lullaby!"
SKILL_032_Name;"Alluring Melody"
SKILL_032_Desc;"Charms all enemies."
SKILL_032_Msg1;"%1 sings an Alluring Melody!"
SKILL_033_Name;"Song of Silence"
SKILL_033_Desc;"Seals all enemies’ magic."
SKILL_033_Msg1;"%1 sings a Song of Silence!"
SKILL_034_Name;"Sonic Wave"
SKILL_034_Desc;"Confuses all enemies."
SKILL_034_Msg1;"%1 does %2!"
SKILL_035_Name;"Stone Throw"
SKILL_035_Desc;"Inflicts Earth-type damage on all enemies."
SKILL_035_Msg1;"%1 does %2!"
SKILL_036_Name;"Dust Devil"
SKILL_036_Desc;"Inflicts Wind-type damage on all enemies."
SKILL_036_Msg1;"%1 does %2!"
SKILL_037_Name;"Fire Breath"
SKILL_037_Desc;"Inflicts Fire-type damage on all enemies."
SKILL_037_Msg1;"%1 does %2!"
SKILL_038_Name;"Ice Breath"
SKILL_038_Desc;"Inflicts Ice-type damage on all enemies."
SKILL_038_Msg1;"%1 does %2!"
SKILL_039_Name;"Earthquake"
SKILL_039_Desc;"Inflicts Earth-type damage on all enemies."
SKILL_039_Msg1;"%1 causes an Earthquake!"
SKILL_040_Name;"Tsunami"
SKILL_040_Desc;"Inflicts Water-type damage on all enemies."
SKILL_040_Msg1;"%1 causes a Tsunami!"
SKILL_041_Name;"Scratch"
SKILL_041_Desc;"Inflicts damage on an enemy."
SKILL_041_Msg1;"%1 attacks!"
SKILL_051_Name;"-----Basic Magic"
SKILL_052_Name;"Heal I"
SKILL_052_Desc;"Restores an ally’s HP."
SKILL_052_Msg1;"%1 casts %2!"
SKILL_053_Name;"Heal II"
SKILL_053_Desc;"Restores an ally’s HP."
SKILL_053_Msg1;"%1 casts %2!"
SKILL_054_Name;"Heal III"
SKILL_054_Desc;"Restores an ally’s HP."
SKILL_054_Msg1;"%1 casts %2!"
SKILL_056_Name;"Recover I"
SKILL_056_Desc;"Restores all allies’ HP."
SKILL_056_Msg1;"%1 casts %2!"
SKILL_057_Name;"Recover II"
SKILL_057_Desc;"Restores all allies’ HP."
SKILL_057_Msg1;"%1 casts %2!"
SKILL_058_Name;"Recover III"
SKILL_058_Desc;"Restores all allies’ HP."
SKILL_058_Msg1;"%1 casts %2!"
SKILL_060_Name;"Cure I"
SKILL_060_Desc;"Cures an ally’s Poison, Paralysis, or Sleep state."
SKILL_060_Msg1;"%1 casts %2!"
SKILL_061_Name;"Cure II"
SKILL_061_Desc;"Cures an ally’s status ailments other than Dead."
SKILL_061_Msg1;"%1 casts %2!"
SKILL_062_Name;"Cure III"
SKILL_062_Desc;"Cures all allies’ status ailments other than Dead."
SKILL_062_Msg1;"%1 casts %2!"
SKILL_064_Name;"Raise I"
SKILL_064_Desc;"Raises an ally from the dead."
SKILL_064_Msg1;"%1 casts %2!"
SKILL_065_Name;"Raise II"
SKILL_065_Desc;"Raises an ally from the dead and greatly restores
their HP."
SKILL_065_Msg1;"%1 casts %2!"
SKILL_071_Name;"Poison"
SKILL_071_Desc;"Poisons all enemies."
SKILL_071_Msg1;"%1 casts %2!"
SKILL_072_Name;"Blind"
SKILL_072_Desc;"Blinds all enemies."
SKILL_072_Msg1;"%1 casts %2!"
SKILL_073_Name;"Confuse"
SKILL_073_Desc;"Confuses all enemies."
SKILL_073_Msg1;"%1 casts %2!"
SKILL_074_Name;"Silence"
SKILL_074_Desc;"Seals all enemies’ magic."
SKILL_074_Msg1;"%1 casts %2!"
SKILL_075_Name;"Sleep"
SKILL_075_Desc;"Puts all enemies to sleep."
SKILL_075_Msg1;"%1 casts %2!"
SKILL_076_Name;"Paralyze"
SKILL_076_Desc;"Paralyzes all enemies."
SKILL_076_Msg1;"%1 casts %2!"
SKILL_081_Name;"Weapon Bless"
SKILL_081_Desc;"Increases an ally’s Attack.
Usable up to 2 times in a row."
SKILL_081_Msg1;"%1 casts %2!"
SKILL_082_Name;"Weapon Curse"
SKILL_082_Desc;"Decreases all enemies’ Attack.
Usable up to 2 times in a row."
SKILL_082_Msg1;"%1 casts %2!"
SKILL_083_Name;"Armor Bless"
SKILL_083_Desc;"Increases an ally’s Defense.
Usable up to 2 times in a row."
SKILL_083_Msg1;"%1 casts %2!"
SKILL_084_Name;"Armor Curse"
SKILL_084_Desc;"Decreases all enemies’ Defense.
Usable up to 2 times in a row."
SKILL_084_Msg1;"%1 casts %2!"
SKILL_085_Name;"Spirit Bless"
SKILL_085_Desc;"Increases an ally’s M.Attack.
Usable up to 2 times in a row."
SKILL_085_Msg1;"%1 casts %2!"
SKILL_086_Name;"Spirit Curse"
SKILL_086_Desc;"Decreases all enemies’ M.Attack.
Usable up to 2 times in a row."
SKILL_086_Msg1;"%1 casts %2!"
SKILL_087_Name;"Divine Bless"
SKILL_087_Desc;"Increases an ally’s M.Defense.
Usable up to 2 times in a row."
SKILL_087_Msg1;"%1 casts %2!"
SKILL_088_Name;"Divine Curse"
SKILL_088_Desc;"Decreases all enemies’ M.Defense.
Usable up to 2 times in a row."
SKILL_088_Msg1;"%1 casts %2!"
SKILL_089_Name;"Quicken Movement"
SKILL_089_Desc;"Increases an ally’s Agility.
Usable up to 2 times in a row."
SKILL_089_Msg1;"%1 casts %2!"
SKILL_090_Name;"Slow Movement"
SKILL_090_Desc;"Decreases all enemies’ Agility.
Usable up to 2 times in a row."
SKILL_090_Msg1;"%1 casts %2!"
SKILL_091_Name;"Life Drain"
SKILL_091_Desc;"Absorbs HP from an enemy."
SKILL_091_Msg1;"%1 casts %2!"
SKILL_092_Name;"Mana Drain"
SKILL_092_Desc;"Absorbs MP from an enemy."
SKILL_092_Msg1;"%1 casts %2!"
SKILL_099_Name;"Fire I"
SKILL_099_Desc;"Inflicts Fire-type damage on an enemy."
SKILL_099_Msg1;"%1 casts %2!"
SKILL_100_Name;"Fire II"
SKILL_100_Desc;"Inflicts Fire-type damage on an enemy."
SKILL_100_Msg1;"%1 casts %2!"
SKILL_101_Name;"Fire III"
SKILL_101_Desc;"Inflicts Fire-type damage on an enemy."
SKILL_101_Msg1;"%1 casts %2!"
SKILL_103_Name;"Flame I"
SKILL_103_Desc;"Inflicts Fire-type damage on all enemies."
SKILL_103_Msg1;"%1 casts %2!"
SKILL_104_Name;"Flame II"
SKILL_104_Desc;"Inflicts Fire-type damage on all enemies."
SKILL_104_Msg1;"%1 casts %2!"
SKILL_105_Name;"Flame III"
SKILL_105_Desc;"Inflicts Fire-type damage on all enemies."
SKILL_105_Msg1;"%1 casts %2!"
SKILL_107_Name;"Ice I"
SKILL_107_Desc;"Inflicts Ice-type damage on an enemy."
SKILL_107_Msg1;"%1 casts %2!"
SKILL_108_Name;"Ice II"
SKILL_108_Desc;"Inflicts Ice-type damage on an enemy."
SKILL_108_Msg1;"%1 casts %2!"
SKILL_109_Name;"Ice III"
SKILL_109_Desc;"Inflicts Ice-type damage on an enemy."
SKILL_109_Msg1;"%1 casts %2!"
SKILL_111_Name;"Blizzard I"
SKILL_111_Desc;"Inflicts Ice-type damage on all enemies."
SKILL_111_Msg1;"%1 casts %2!"
SKILL_112_Name;"Blizzard II"
SKILL_112_Desc;"Inflicts Ice-type damage on all enemies."
SKILL_112_Msg1;"%1 casts %2!"
SKILL_113_Name;"Blizzard III"
SKILL_113_Desc;"Inflicts Ice-type damage on all enemies."
SKILL_113_Msg1;"%1 casts %2!"
SKILL_115_Name;"Thunder I"
SKILL_115_Desc;"Inflicts Thunder-type damage on an enemy."
SKILL_115_Msg1;"%1 casts %2!"
SKILL_116_Name;"Thunder II"
SKILL_116_Desc;"Inflicts Thunder-type damage on an enemy."
SKILL_116_Msg1;"%1 casts %2!"
SKILL_117_Name;"Thunder III"
SKILL_117_Desc;"Inflicts Thunder-type damage on an enemy."
SKILL_117_Msg1;"%1 casts %2!"
SKILL_119_Name;"Spark I"
SKILL_119_Desc;"Inflicts Thunder-type damage on all enemies."
SKILL_119_Msg1;"%1 casts %2!"
SKILL_120_Name;"Spark II"
SKILL_120_Desc;"Inflicts Thunder-type damage on all enemies."
SKILL_120_Msg1;"%1 casts %2!"
SKILL_121_Name;"Spark III"
SKILL_121_Desc;"Inflicts Thunder-type damage on all enemies."
SKILL_121_Msg1;"%1 casts %2!"
SKILL_123_Name;"Water I"
SKILL_123_Desc;"Inflicts Water-type damage on an enemy."
SKILL_123_Msg1;"%1 casts %2!"
SKILL_124_Name;"Water II"
SKILL_124_Desc;"Inflicts Water-type damage on an enemy."
SKILL_124_Msg1;"%1 casts %2!"
SKILL_126_Name;"Wave I"
SKILL_126_Desc;"Inflicts Water-type damage on all enemies."
SKILL_126_Msg1;"%1 casts %2!"
SKILL_127_Name;"Wave II"
SKILL_127_Desc;"Inflicts Water-type damage on all enemies."
SKILL_127_Msg1;"%1 casts %2!"
SKILL_129_Name;"Stone I"
SKILL_129_Desc;"Inflicts Earth-type damage on an enemy."
SKILL_129_Msg1;"%1 casts %2!"
SKILL_130_Name;"Stone II"
SKILL_130_Desc;"Inflicts Earth-type damage on an enemy."
SKILL_130_Msg1;"%1 casts %2!"
SKILL_132_Name;"Quake I"
SKILL_132_Desc;"Inflicts Earth-type damage on all enemies."
SKILL_132_Msg1;"%1 casts %2!"
SKILL_133_Name;"Quake II"
SKILL_133_Desc;"Inflicts Earth-type damage on all enemies."
SKILL_133_Msg1;"%1 casts %2!"
SKILL_135_Name;"Wind I"
SKILL_135_Desc;"Inflicts Wind-type damage on an enemy."
SKILL_135_Msg1;"%1 casts %2!"
SKILL_136_Name;"Wind II"
SKILL_136_Desc;"Inflicts Wind-type damage on an enemy."
SKILL_136_Msg1;"%1 casts %2!"
SKILL_138_Name;"Tornado I"
SKILL_138_Desc;"Inflicts Wind-type damage on all enemies."
SKILL_138_Msg1;"%1 casts %2!"
SKILL_139_Name;"Tornado II"
SKILL_139_Desc;"Inflicts Wind-type damage on all enemies."
SKILL_139_Msg1;"%1 casts %2!"
SKILL_141_Name;"Saint I"
SKILL_141_Desc;"Inflicts Light-type damage on an enemy."
SKILL_141_Msg1;"%1 casts %2!"
SKILL_142_Name;"Saint II"
SKILL_142_Desc;"Inflicts Light-type damage on an enemy."
SKILL_142_Msg1;"%1 casts %2!"
SKILL_144_Name;"Starlight I"
SKILL_144_Desc;"Inflicts Light-type damage on all enemies."
SKILL_144_Msg1;"%1 casts %2!"
SKILL_145_Name;"Starlight II"
SKILL_145_Desc;"Inflicts Light-type damage on all enemies."
SKILL_145_Msg1;"%1 casts %2!"
SKILL_147_Name;"Shade I"
SKILL_147_Desc;"Inflicts Darkness-type damage on an enemy."
SKILL_147_Msg1;"%1 casts %2!"
SKILL_148_Name;"Shade II"
SKILL_148_Desc;"Inflicts Darkness-type damage on an enemy."
SKILL_148_Msg1;"%1 casts %2!"
SKILL_150_Name;"Darkness I"
SKILL_150_Desc;"Inflicts Darkness-type damage on all enemies."
SKILL_150_Msg1;"%1 casts %2!"
SKILL_151_Name;"Darkness II"
SKILL_151_Desc;"Inflicts Darkness-type damage on all enemies."
SKILL_151_Msg1;"%1 casts %2!"
SKILL_153_Name;"Burst I"
SKILL_153_Desc;"Inflicts damage on an enemy regardless of Defense."
SKILL_153_Msg1;"%1 casts %2!"
SKILL_154_Name;"Burst II"
SKILL_154_Desc;"Inflicts damage on an enemy regardless of Defense."
SKILL_154_Msg1;"%1 casts %2!"
SKILL_156_Name;"Nuke I"
SKILL_156_Desc;"Inflicts damage on all enemies regardless of Defense."
SKILL_156_Msg1;"%1 casts %2!"
SKILL_157_Name;"Nuke II"
SKILL_157_Desc;"Inflicts damage on all enemies regardless of Defense."
SKILL_157_Msg1;"%1 casts %2!"
SKILL_171_Name;"-----Swordsman Skills"
SKILL_172_Name;"Strong Attack"
SKILL_172_Desc;"Performs a powerful attack on an enemy."
SKILL_172_Msg1;"%1 does %2!"
SKILL_173_Name;"Slash"
SKILL_173_Desc;"Attacks all enemies."
SKILL_173_Msg1;"%1 mows down the enemy!"
SKILL_174_Name;"Dual Attack"
SKILL_174_Desc;"Performs an attack on an enemy twice."
SKILL_174_Msg1;"%1 dual attacks!"
SKILL_175_Name;"Willpower"
SKILL_175_Desc;"Rouses the user’s fighting spirit and increases
Attack. Usable up to 2 times in a row."
SKILL_175_Msg1;"%1 uses %2!"
SKILL_176_Name;"First Aid"
SKILL_176_Desc;"Restores an ally’s HP."
SKILL_176_Msg1;"%1 performs %2!"
SKILL_177_Name;"Maiden’s Stance"
SKILL_177_Desc;"Performs a super powerful attack on an enemy."
SKILL_177_Msg1;"%1 does %2!"
SKILL_178_Name;"Spin Crash"
SKILL_178_Desc;"Performs a powerful attack on all enemies."
SKILL_178_Msg1;"%1 mows down the enemy!"
SKILL_185_Name;"-----Priest & Sorcerer Skills"
SKILL_186_Name;"Magic Barrier"
SKILL_186_Desc;"Increases all allies’ Defense and M.Defense.
Usable up to 2 times in a row."
SKILL_186_Msg1;"%1 offered a prayer!"
SKILL_187_Name;"Spell Enhancement"
SKILL_187_Desc;"Greatly increases the user’s M.Attack for 5 turns."
SKILL_187_Msg1;"%1 casts %2!"
SKILL_188_Name;"Yell"
SKILL_188_Desc;"Rouses all allies’ fighting spirit and increases
Attack. Usable up to 2 times in a row."
SKILL_188_Msg1;"%1 gave encouragement!"
SKILL_189_Name;"Meteor"
SKILL_189_Desc;"Inflicts damage on all enemies regardless of Defense."
SKILL_189_Msg1;"%1 casts %2!"
SKILL_190_Name;"Fire Weapon"
SKILL_190_Desc;"Bestows Fire-type for 5 turns."
SKILL_190_Msg1;"%1 casts %2!"
SKILL_191_Name;"Ice Weapon"
SKILL_191_Desc;"Bestows Ice-type for 5 turns."
SKILL_191_Msg1;"%1 casts %2!"
SKILL_192_Name;"Thunder Weapon"
SKILL_192_Desc;"Bestows Thunder-type for 5 turns."
SKILL_192_Msg1;"%1 casts %2!"
SKILL_193_Name;"Magic Mirror"
SKILL_193_Desc;"Reflects M.Attack aimed at the user for 5 turns."
SKILL_193_Msg1;"%1 casts %2!"
SKILL_195_Name;"-----Knight Skills"
SKILL_196_Name;"Protect"
SKILL_196_Desc;"Automatically protects allies with low HP for 1 turn."
SKILL_196_Msg1;"%1 protects team."
SKILL_197_Name;"Falcon Thrust"
SKILL_197_Desc;"Performs an attack on an enemy faster than anyone
else."
SKILL_197_Msg1;"%1 does %2!"
SKILL_198_Name;"Double Thrust"
SKILL_198_Desc;"Performs an attack on an enemy twice."
SKILL_198_Msg1;"%1 does %2!"
SKILL_199_Name;"Armor Piercer"
SKILL_199_Desc;"Inflicts damage on all enemies regardless of Defense."
SKILL_199_Msg1;"%1 does %2!"
SKILL_200_Name;"Battle Cry"
SKILL_200_Desc;"Rouses all allies’ fighting spirit and increases
Attack. Usable up to 2 times in a row."
SKILL_200_Msg1;"%1 made a battle cry!"
SKILL_201_Name;"Windmill"
SKILL_201_Desc;"Attacks all enemies."
SKILL_201_Msg1;"%1 does %2!"
SKILL_202_Name;"Clear Mind"
SKILL_202_Desc;"Slightly increases the user’s TP."
SKILL_202_Msg1;"%1 cleared their mind!"
SKILL_203_Name;"Wild Thrust"
SKILL_203_Desc;"Randomly performs 4 attacks on 4 enemies."
SKILL_203_Msg1;"%1 does %2!"
SKILL_205_Name;"-----Bandit Skills"
SKILL_206_Name;"Eye Poke"
SKILL_206_Desc;"Blinds an enemy."
SKILL_206_Msg1;"%1 does %2!"
SKILL_207_Name;"Warm-up"
SKILL_207_Desc;"Increases the user’s Agility."
SKILL_207_Msg1;"%1 started %2!"
SKILL_208_Name;"Flare"
SKILL_208_Desc;"Blinds all enemies."
SKILL_208_Msg1;"%1 does %2!"
SKILL_209_Name;"Watchful Eye"
SKILL_209_Desc;"Increases items and money gained from battle for
a while."
SKILL_209_Msg1;"%1 is observing their surroundings carefully."
SKILL_210_Name;"Wind Call"
SKILL_210_Desc;"Inflicts Wind-type damage on all enemies."
SKILL_210_Msg1;"%1 does %2!"
SKILL_211_Name;"Hide"
SKILL_211_Desc;"Makes the user harder to target."
SKILL_211_Msg1;"%1 hid."
SKILL_215_Name;"-----Martial Artist Skills"
SKILL_216_Name;"Sweep"
SKILL_216_Desc;"Inflicts damage and causes all enemies to lose balance."
SKILL_216_Msg1;"%1 does %2!"
SKILL_217_Name;"Qigong"
SKILL_217_Desc;"Cures the user from being weakened."
SKILL_217_Msg1;"%1 uses %2!"
SKILL_218_Name;"Roundhouse Kick"
SKILL_218_Desc;"Inflicts huge damage on all enemies."
SKILL_218_Msg1;"%1 does %2!"
SKILL_219_Name;"Tiger Dance"
SKILL_219_Desc;"Inflicts damage on an enemy regardless of Defense."
SKILL_219_Msg1;"%1 does %2!"
SKILL_225_Name;"-----Hunter Skills"
SKILL_226_Name;"Point Shot"
SKILL_226_Desc;"Decreases an enemy’s Attack and Defense."
SKILL_226_Msg1;"%1 does %2!"
SKILL_227_Name;"Stun Shot"
SKILL_227_Desc;"Shoots at the footing of all enemies and causes them
to lose balance."
SKILL_227_Msg1;"%1 does %2!"
SKILL_228_Name;"Team Shot"
SKILL_228_Desc;"Inflicts damage on an enemy 5 times."
SKILL_228_Msg1;"%1 does %2!"
SKILL_229_Name;"Rain Shot"
SKILL_229_Desc;"Inflicts damage on all enemies 2 times."
SKILL_229_Msg1;"%1 does %2!"
SKILL_232_Name;"---Weapon Attacks---"
SKILL_233_Name;"Jump Attack"
SKILL_233_Desc;"Jump at enemy and attack mid-air"
SKILL_234_Name;"Flip Attack"
SKILL_234_Desc;"Do a forward flip and attack the enemy mid air"
SKILL_235_Name;"Dash Through"
SKILL_235_Desc;"Dash attack straight through an enemy"
SKILL_236_Name;"Dash Through All"
SKILL_236_Desc;"Dash attack through all enemies"
SKILL_237_Name;"High Jump"
SKILL_237_Desc;"Jump into the air then fall and attack enemy"
SKILL_238_Name;"Jump A. + Dash A."
SKILL_238_Desc;"Jump attack at enemy, then dash through"
SKILL_239_Name;"Flip A. + Dash A."
SKILL_239_Desc;"Do a forward flip atack, then dash through enemy"
SKILL_240_Name;"Dash Through x 2"
SKILL_240_Desc;"Dash attack through enemy twice"
SKILL_241_Name;"Teleport Attack"
SKILL_241_Desc;"Move forward and disappear, then do a flurry attack
through the enemy"
SKILL_242_Name;"Teleport Sneak Attack"
SKILL_242_Desc;"Disappear and reappear behind enemy, then dash attack
straight through"
SKILL_243_Name;"Teleport Attack All"
SKILL_243_Desc;"Move forward and disappear, then do a flurry attack
through all enemies"
SKILL_244_Name;"Animation Sneak Attack"
SKILL_244_Desc;"Disappear in a flash, then reappear in a flash behind 
and the enemy and dash straight through"
SKILL_248_Name;"---Unarmed/Gloves---"
SKILL_249_Name;"Tackle"
SKILL_249_Desc;"Ram into enemy, pushing them back"
SKILL_250_Name;"Flip Bounce"
SKILL_250_Desc;"Flip into enemy and bounce off of them"
SKILL_251_Name;"Flip Bounce + Tackle"
SKILL_251_Desc;"Flip into enemy and bounce off of them, then ram into
the enemy, pushing them back"
SKILL_252_Name;"Frontal Flip Bounce"
SKILL_252_Desc;"Flip into enemy, then bounch off the ground back to 
home"
SKILL_253_Name;"Penalty Kick"
SKILL_253_Desc;"Jump to enemy, charge up, then ram into them, knocking
them far backward"
SKILL_254_Name;"Flip Sneak Attack"
SKILL_254_Desc;"Flip backwards and disappear, then appear mid air and
bounce off the enemy"
SKILL_255_Name;"Flip Bounce All"
SKILL_255_Desc;"Flip into all enemies and bounce off of them"
SKILL_256_Name;"Dash Flip"
SKILL_256_Desc;"Flip forward past enemy and attack mid-air"
SKILL_257_Name;"Dash Flip All"
SKILL_257_Desc;"Flip forward past all enemies and attack them mid-air"
SKILL_261_Name;"---Magic Attacks---"
SKILL_262_Name;"Float Cast"
SKILL_262_Desc;"Float into air, then cast fire spell on enemy"
SKILL_263_Name;"Dash Cast"
SKILL_263_Desc;"Dash through enemy then cast damaging spell"
SKILL_264_Name;"Dash Cast All"
SKILL_264_Desc;"Dash through all enemies then cast damaging spell"
SKILL_265_Name;"Flip Cast"
SKILL_265_Desc;"Flip backwards, then cast spell mid-air"
SKILL_271_Name;"---Ranged Attacks---"
SKILL_272_Name;"Flip Shot"
SKILL_272_Desc;"Flip backwards, then attack mid-air"
SKILL_273_Name;"Dive Shot"
SKILL_273_Desc;"Dive over enemy and attack mid-air"
SKILL_281_Name;"---Projectile Attacks---"
SKILL_282_Name;"Projectile"
SKILL_282_Desc;"Fire animation projectile at enemy"
SKILL_283_Name;"Flip Projectile"
SKILL_283_Desc;"Flip backwards, then fire animation projectile at 
enemy mid-air"
SKILL_291_Name;"---Mechanics---"
SKILL_292_Name;"Flip Attack Sequential"
SKILL_292_Desc;"Flip attack all enemies, one by one."
SKILL_293_Name;"Elemental Slash"
SKILL_293_Desc;"Select from fire, ice, or thunder, then jump attack
with that element"
SKILL_294_Name;"Crisis Attack"
SKILL_294_Desc;"Hits twice and 100% crit rate when user is at less than 50% HP."
SKILL_295_Name;"Random Slash"
SKILL_295_Desc;"1/3 chance each to: attack one enemy, attack all enemies
or attack self"
SKILL_296_Name;"Input Attack"
SKILL_296_Desc;"5 seconds to press [OK] repeatedly to damage enemy"
SKILL_297_Name;"Nightmare"
SKILL_297_Desc;"If enemy is not asleep, add sleep state. If they are
asleep, damage enemy four times"
SKILL_298_Name;"Flare Sword"
SKILL_298_Desc;"If user has attack up buff, attack all enemies, otherwise
add attack up to user"
SKILL_299_Name;"Increment Blade"
SKILL_299_Desc;"Attacks one enemy, with increasing damage per use"
SKILL_300_Name;"Critical Smash"
SKILL_300_Desc;"Attack one enemy, but adds double defense debuff if it
is a critical hit"
SKILL_501_Name;"Dramatic Entry"
SKILL_501_Msg1;"%1 casts %2!"
STATE_001_Name;"Dead"
STATE_001_Msg1;"%1 has fallen!"
STATE_001_Msg2;"%1 is slain!"
STATE_001_Msg4;"%1 revives!"
STATE_002_Name;"Guard"
STATE_003_Name;"Immortal"
STATE_004_Name;"Poison"
STATE_004_Msg1;"%1 is poisoned!"
STATE_004_Msg2;"%1 is poisoned!"
STATE_004_Msg4;"%1 is no longer poisoned!"
STATE_005_Name;"Blind"
STATE_005_Msg1;"%1 is blinded!"
STATE_005_Msg2;"%1 is blinded!"
STATE_005_Msg4;"%1 is no longer blinded!"
STATE_006_Name;"Silence"
STATE_006_Msg1;"%1 is silenced!"
STATE_006_Msg2;"%1 is silenced!"
STATE_006_Msg4;"%1 is no longer silenced!"
STATE_007_Name;"Rage"
STATE_007_Msg1;"%1 is enraged!"
STATE_007_Msg2;"%1 is enraged!"
STATE_007_Msg4;"%1 is no longer enraged!"
STATE_008_Name;"Confusion"
STATE_008_Msg1;"%1 is confused!"
STATE_008_Msg2;"%1 is confused!"
STATE_008_Msg4;"%1 is no longer confused!"
STATE_009_Name;"Charm"
STATE_009_Msg1;"%1 is charmed!"
STATE_009_Msg2;"%1 is charmed!"
STATE_009_Msg4;"%1 is no longer charmed!"
STATE_010_Name;"Sleep"
STATE_010_Msg1;"%1 falls asleep!"
STATE_010_Msg2;"%1 falls asleep!"
STATE_010_Msg3;"%1 is sleeping."
STATE_010_Msg4;"%1 wakes up!"
STATE_012_Name;"Paralysis"
STATE_012_Msg1;"%1 is paralyzed and can’t move!"
STATE_012_Msg2;"%1 is paralyzed!"
STATE_012_Msg3;"%1 is paralyzed and can’t move!"
STATE_012_Msg4;"%1 is no longer paralyzed!"
STATE_013_Name;"Stun"
STATE_013_Msg1;"%1 lost balance!"
STATE_013_Msg2;"%1 lost balance!"
STATE_013_Msg3;"%1 is still off-balance..."
STATE_013_Msg4;"%1 has regained balance!"
STATE_015_Name;"HP Regeneration"
STATE_016_Name;"MP Regeneration"
STATE_017_Name;"TP Regeneration"
STATE_018_Name;"Magic Reflection"
STATE_019_Name;"Protect"
STATE_020_Name;"Provoke"
STATE_020_Msg1;"%1 became easier to hit!"
STATE_021_Name;"Hide"
STATE_021_Msg1;"%1 became harder to hit!"
STATE_022_Name;"Counter Attack"
STATE_023_Name;"Status Ailment Block"
STATE_024_Name;"Reduce MP Cost"
STATE_025_Name;"Fire Force"
STATE_025_Msg1;"%1 is now enveloped in an aura of fire."
STATE_025_Msg2;"%1 is now enveloped in an aura of fire."
STATE_026_Name;"Ice Force"
STATE_026_Msg1;"%1 is now enveloped in an icy aura."
STATE_026_Msg2;"%1 is now enveloped in an icy aura."
STATE_027_Name;"Thunder Force"
STATE_027_Msg1;"%1 is now enveloped in a thunderous aura."
STATE_027_Msg2;"%1 is now enveloped in a thunderous aura."
STATE_029_Name;"Half Encounters"
STATE_030_Name;"Double Money/Items"
CLASS_001_Name;"Swordsman"
CLASS_002_Name;"Sorcerer"
CLASS_003_Name;"Priest"
CLASS_004_Name;"Knight"
CLASS_005_Name;"Martial Artist"
CLASS_006_Name;"Magic Swordsman"
CLASS_007_Name;"Hunter"
CLASS_008_Name;"Bandit"
CLASS_009_Name;"--------"
CLASS_010_Name;"{classStudent}"
ENEMY_001_Name;"Goblin"
ENEMY_002_Name;"Gnome"
ENEMY_003_Name;"Crow"
ENEMY_004_Name;"Treant"
ENEMY_005_Name;"Hi_monster"
ENEMY_006_Name;"Test"
ENEMY_007_Name;"Ga"
ENEMY_008_Name;"Voi"
ENEMY_009_Name;"Ngua"
SYS_Basic_0;"Level"
SYS_Basic_1;"Lv"
SYS_Basic_2;"HP"
SYS_Basic_3;"HP"
SYS_Basic_4;"MP"
SYS_Basic_5;"MP"
SYS_Basic_6;"TP"
SYS_Basic_7;"TP"
SYS_Basic_8;"EXP"
SYS_Basic_9;"EXP"
SYS_Cmd_0;"Fight"
SYS_Cmd_1;"Escape"
SYS_Cmd_2;"Attack"
SYS_Cmd_3;"Guard"
SYS_Cmd_4;"Item"
SYS_Cmd_5;"{skill}"
SYS_Cmd_6;"Equip"
SYS_Cmd_7;"Status"
SYS_Cmd_8;"Formation"
SYS_Cmd_9;"Save"
SYS_Cmd_10;"Game End"
SYS_Cmd_11;"Options"
SYS_Cmd_12;"Weapon"
SYS_Cmd_13;"Armor"
SYS_Cmd_14;"Key Item"
SYS_Cmd_15;"Equip"
SYS_Cmd_16;"Optimize"
SYS_Cmd_17;"Clear"
SYS_Cmd_18;"{cmd_start}"
SYS_Cmd_19;"{cmd_continue}"
SYS_Cmd_21;"To Title"
SYS_Cmd_22;"Cancel"
SYS_Cmd_24;"Buy"
SYS_Cmd_25;"Sell"
SYS_Param_0;"Max HP"
SYS_Param_1;"Max MP"
SYS_Param_2;"Attack"
SYS_Param_3;"Defense"
SYS_Param_4;"M.Attack"
SYS_Param_5;"M.Defense"
SYS_Param_6;"Agility"
SYS_Param_7;"Luck"
SYS_Param_8;"Hit"
SYS_Param_9;"Evasion"
SYS_Msg_alwaysDash;"Always Dash"
SYS_Msg_commandRemember;"Command Remember"
SYS_Msg_touchUI;"Touch UI"
SYS_Msg_bgmVolume;"BGM Volume"
SYS_Msg_bgsVolume;"BGS Volume"
SYS_Msg_meVolume;"ME Volume"
SYS_Msg_seVolume;"SE Volume"
SYS_Msg_possession;"Possession"
SYS_Msg_expTotal;"Current %1"
SYS_Msg_expNext;"To Next %1"
SYS_Msg_saveMessage;"Which file would you like to save to?"
SYS_Msg_loadMessage;"Which file would you like to load?"
SYS_Msg_file;"File"
SYS_Msg_autosave;"Autosave"
SYS_Msg_partyName;"%1’s Party"
SYS_Msg_emerge;"%1 emerged!"
SYS_Msg_preemptive;"%1 got the upper hand!"
SYS_Msg_surprise;"%1 was surprised!"
SYS_Msg_escapeStart;"%1 has started to escape!"
SYS_Msg_escapeFailure;"However, it was unable to escape!"
SYS_Msg_victory;"%1 was victorious!"
SYS_Msg_defeat;"%1 was defeated."
SYS_Msg_obtainExp;"%1 %2 received!"
SYS_Msg_obtainGold;"%1\G found!"
SYS_Msg_obtainItem;"%1 found!"
SYS_Msg_levelUp;"%1 is now %2 %3!"
SYS_Msg_obtainSkill;"%1 learned!"
SYS_Msg_useItem;"%1 uses %2!"
SYS_Msg_criticalToEnemy;"An excellent hit!!"
SYS_Msg_criticalToActor;"A painful blow!!"
SYS_Msg_actorDamage;"%1 took %2 damage!"
SYS_Msg_actorRecovery;"%1 recovered %2 %3!"
SYS_Msg_actorGain;"%1 gained %2 %3!"
SYS_Msg_actorLoss;"%1 lost %2 %3!"
SYS_Msg_actorDrain;"%1 was drained of %2 %3!"
SYS_Msg_actorNoDamage;"%1 took no damage!"
SYS_Msg_actorNoHit;"Miss! %1 took no damage!"
SYS_Msg_enemyDamage;"%1 took %2 damage!"
SYS_Msg_enemyRecovery;"%1 recovered %2 %3!"
SYS_Msg_enemyGain;"%1 gained %2 %3!"
SYS_Msg_enemyLoss;"%1 lost %2 %3!"
SYS_Msg_enemyDrain;"%1 was drained of %2 %3!"
SYS_Msg_enemyNoDamage;"%1 took no damage!"
SYS_Msg_enemyNoHit;"Miss! %1 took no damage!"
SYS_Msg_evasion;"%1 evaded the attack!"
SYS_Msg_magicEvasion;"%1 nullified the magic!"
SYS_Msg_magicReflection;"%1 reflected the magic!"
SYS_Msg_counterAttack;"%1 made a counterattack!"
SYS_Msg_substitute;"%1 protected %2!"
SYS_Msg_buffAdd;"%1’s %2 went up!"
SYS_Msg_debuffAdd;"%1’s %2 went down!"
SYS_Msg_buffRemove;"%1’s %2 returned to normal!"
SYS_Msg_actionFailure;"There was no effect on %1!"
SYS_Currency;"Đồng"
